"filename", "language", "XML", "C#", "JSON", "Markdown", "ShaderLab", "HLSL", "comment", "blank", "total"
"e:\Unity\Project\Renewed-Ideology-Unity6\.idea\.idea.Renewed-Ideology-Unity6\.idea\encodings.xml", "XML", 4, 0, 0, 0, 0, 0, 0, 0, 4
"e:\Unity\Project\Renewed-Ideology-Unity6\.idea\.idea.Renewed-Ideology-Unity6\.idea\indexLayout.xml", "XML", 8, 0, 0, 0, 0, 0, 0, 0, 8
"e:\Unity\Project\Renewed-Ideology-Unity6\.idea\.idea.Renewed-Ideology-Unity6\.idea\inspectionProfiles\Project_Default.xml", "XML", 7, 0, 0, 0, 0, 0, 0, 0, 7
"e:\Unity\Project\Renewed-Ideology-Unity6\.idea\.idea.Renewed-Ideology-Unity6\.idea\projectSettingsUpdater.xml", "XML", 8, 0, 0, 0, 0, 0, 0, 0, 8
"e:\Unity\Project\Renewed-Ideology-Unity6\.idea\.idea.Renewed-Ideology-Unity6\.idea\vcs.xml", "XML", 6, 0, 0, 0, 0, 0, 0, 0, 6
"e:\Unity\Project\Renewed-Ideology-Unity6\.idea\.idea.Renewed-Ideology-Unity6\.idea\workspace.xml", "XML", 445, 0, 0, 0, 0, 0, 0, 0, 445
"e:\Unity\Project\Renewed-Ideology-Unity6\Assets\Enemy\Old\St00No00\PathDescend.cs", "C#", 0, 48, 0, 0, 0, 0, 1, 14, 63
"e:\Unity\Project\Renewed-Ideology-Unity6\Assets\Enemy\Old\St00No01\FullMoonShoot.cs", "C#", 0, 50, 0, 0, 0, 0, 0, 14, 64
"e:\Unity\Project\Renewed-Ideology-Unity6\Assets\Enemy\Old\St00No02\WideSniper.cs", "C#", 0, 42, 0, 0, 0, 0, 0, 7, 49
"e:\Unity\Project\Renewed-Ideology-Unity6\Assets\Enemy\Old\St00No03\Slashes.cs", "C#", 0, 37, 0, 0, 0, 0, 0, 5, 42
"e:\Unity\Project\Renewed-Ideology-Unity6\Assets\Enemy\Old\St00No04\StarString.cs", "C#", 0, 43, 0, 0, 0, 0, 2, 6, 51
"e:\Unity\Project\Renewed-Ideology-Unity6\Assets\Enemy\Old\St00No05\StarRing.cs", "C#", 0, 35, 0, 0, 0, 0, 0, 5, 40
"e:\Unity\Project\Renewed-Ideology-Unity6\Assets\Enemy\Old\St00No06\Flower.cs", "C#", 0, 46, 0, 0, 0, 0, 0, 6, 52
"e:\Unity\Project\Renewed-Ideology-Unity6\Assets\Enemy\Old\St00No06\Flower2.cs", "C#", 0, 45, 0, 0, 0, 0, 10, 6, 61
"e:\Unity\Project\Renewed-Ideology-Unity6\Assets\Enemy\Old\TimeLine\TimeLineStage0.cs", "C#", 0, 128, 0, 0, 0, 0, 1, 30, 159
"e:\Unity\Project\Renewed-Ideology-Unity6\Assets\Enemy\Old\_FairyTemplate\FairyCtrl.cs", "C#", 0, 37, 0, 0, 0, 0, 1, 11, 49
"e:\Unity\Project\Renewed-Ideology-Unity6\Assets\Enemy\St0F0 & 1\St0F0Atk0.cs", "C#", 0, 39, 0, 0, 0, 0, 1, 11, 51
"e:\Unity\Project\Renewed-Ideology-Unity6\Assets\Enemy\St0F2\St0F2.cs", "C#", 0, 66, 0, 0, 0, 0, 1, 13, 80
"e:\Unity\Project\Renewed-Ideology-Unity6\Assets\Enemy\St0F3\St0F3.cs", "C#", 0, 29, 0, 0, 0, 0, 1, 7, 37
"e:\Unity\Project\Renewed-Ideology-Unity6\Assets\Enemy\St0F5\St0F5.cs", "C#", 0, 57, 0, 0, 0, 0, 16, 8, 81
"e:\Unity\Project\Renewed-Ideology-Unity6\Assets\Enemy\St0F6\St0F6.cs", "C#", 0, 73, 0, 0, 0, 0, 1, 15, 89
"e:\Unity\Project\Renewed-Ideology-Unity6\Assets\Enemy\St0F7 & 8\St0F7.cs", "C#", 0, 62, 0, 0, 0, 0, 6, 11, 79
"e:\Unity\Project\Renewed-Ideology-Unity6\Assets\Enemy\St0F9 & 10\St0F9.cs", "C#", 0, 47, 0, 0, 0, 0, 1, 10, 58
"e:\Unity\Project\Renewed-Ideology-Unity6\Assets\Enemy\_FairyTemplate\FairyMovement.cs", "C#", 0, 44, 0, 0, 0, 0, 9, 17, 70
"e:\Unity\Project\Renewed-Ideology-Unity6\Assets\Enemy\_GhostTemplate\GhostAnimator.cs", "C#", 0, 38, 0, 0, 0, 0, 3, 13, 54
"e:\Unity\Project\Renewed-Ideology-Unity6\Assets\Enemy\_GhostTemplate\GhostParticleCtrl.cs", "C#", 0, 33, 0, 0, 0, 0, 0, 7, 40
"e:\Unity\Project\Renewed-Ideology-Unity6\Assets\Enemy\_YinYangTemplate\YinYangAnimator.cs", "C#", 0, 78, 0, 0, 0, 0, 0, 11, 89
"e:\Unity\Project\Renewed-Ideology-Unity6\Assets\FastScriptReload\Documentation\documentation.md", "Markdown", 0, 0, 0, 520, 0, 0, 0, 188, 708
"e:\Unity\Project\Renewed-Ideology-Unity6\Assets\FastScriptReload\Documentation\release-notes.md", "Markdown", 0, 0, 0, 56, 0, 0, 0, 14, 70
"e:\Unity\Project\Renewed-Ideology-Unity6\Assets\FastScriptReload\Plugins\Harmony\net48\0Harmony.xml", "XML", 3169, 0, 0, 0, 0, 0, 0, 525, 3694
"e:\Unity\Project\Renewed-Ideology-Unity6\Assets\FastScriptReload\Plugins\Roslyn\2021+\System.Reflection.Metadata.xml", "XML", 8418, 0, 0, 0, 0, 0, 0, 13, 8431
"e:\Unity\Project\Renewed-Ideology-Unity6\Assets\FastScriptReload\Plugins\Roslyn\2021+\System.Runtime.CompilerServices.Unsafe.xml", "XML", 289, 0, 0, 0, 0, 0, 0, 2, 291
"e:\Unity\Project\Renewed-Ideology-Unity6\Assets\FastScriptReload\Samples\Basic\Point\Point Surface.shader", "ShaderLab", 0, 0, 0, 0, 20, 0, 0, 6, 26
"e:\Unity\Project\Renewed-Ideology-Unity6\Assets\FastScriptReload\Samples\Basic\Scripts\FunctionLibrary.cs", "C#", 0, 72, 0, 0, 0, 0, 0, 10, 82
"e:\Unity\Project\Renewed-Ideology-Unity6\Assets\FastScriptReload\Samples\Basic\Scripts\Graph.cs", "C#", 0, 54, 0, 0, 0, 0, 41, 18, 113
"e:\Unity\Project\Renewed-Ideology-Unity6\Assets\FastScriptReload\Scripts\Editor\AssemblyPostProcess\AddInternalsVisibleToForAllUserAssembliesPostProcess.cs", "C#", 0, 37, 0, 0, 0, 0, 0, 9, 46
"e:\Unity\Project\Renewed-Ideology-Unity6\Assets\FastScriptReload\Scripts\Editor\Compilation\CodeRewriting\BuilderPatternFunctionsRewriter.cs", "C#", 0, 32, 0, 0, 0, 0, 0, 4, 36
"e:\Unity\Project\Renewed-Ideology-Unity6\Assets\FastScriptReload\Scripts\Editor\Compilation\CodeRewriting\ConstructorRewriter.cs", "C#", 0, 65, 0, 0, 0, 0, 10, 9, 84
"e:\Unity\Project\Renewed-Ideology-Unity6\Assets\FastScriptReload\Scripts\Editor\Compilation\CodeRewriting\CreateNewFieldInitMethodRewriter.cs", "C#", 0, 137, 0, 0, 0, 0, 4, 12, 153
"e:\Unity\Project\Renewed-Ideology-Unity6\Assets\FastScriptReload\Scripts\Editor\Compilation\CodeRewriting\ExtensionMethodsCallingOtherExtensionMethodsInSameFileRewriter.cs", "C#", 0, 62, 0, 0, 0, 0, 3, 9, 74
"e:\Unity\Project\Renewed-Ideology-Unity6\Assets\FastScriptReload\Scripts\Editor\Compilation\CodeRewriting\FastScriptReloadCodeRewriterBase.cs", "C#", 0, 56, 0, 0, 0, 0, 0, 8, 64
"e:\Unity\Project\Renewed-Ideology-Unity6\Assets\FastScriptReload\Scripts\Editor\Compilation\CodeRewriting\FieldsWalker.cs", "C#", 0, 35, 0, 0, 0, 0, 0, 8, 43
"e:\Unity\Project\Renewed-Ideology-Unity6\Assets\FastScriptReload\Scripts\Editor\Compilation\CodeRewriting\HotReloadCompliantRewriter.cs", "C#", 0, 54, 0, 0, 0, 0, 6, 11, 71
"e:\Unity\Project\Renewed-Ideology-Unity6\Assets\FastScriptReload\Scripts\Editor\Compilation\CodeRewriting\ManualUserDefinedScriptOverridesRewriter.cs", "C#", 0, 110, 0, 0, 0, 0, 3, 14, 127
"e:\Unity\Project\Renewed-Ideology-Unity6\Assets\FastScriptReload\Scripts\Editor\Compilation\CodeRewriting\NewFieldDeclaration.cs", "C#", 0, 16, 0, 0, 0, 0, 0, 2, 18
"e:\Unity\Project\Renewed-Ideology-Unity6\Assets\FastScriptReload\Scripts\Editor\Compilation\CodeRewriting\NewFieldsRewriter.cs", "C#", 0, 129, 0, 0, 0, 0, 1, 14, 144
"e:\Unity\Project\Renewed-Ideology-Unity6\Assets\FastScriptReload\Scripts\Editor\Compilation\CodeRewriting\Partials\PartialClassFinder.cs", "C#", 0, 70, 0, 0, 0, 0, 5, 13, 88
"e:\Unity\Project\Renewed-Ideology-Unity6\Assets\FastScriptReload\Scripts\Editor\Compilation\CodeRewriting\Partials\PartialTreeProcessor.cs", "C#", 0, 65, 0, 0, 0, 0, 14, 14, 93
"e:\Unity\Project\Renewed-Ideology-Unity6\Assets\FastScriptReload\Scripts\Editor\Compilation\CodeRewriting\Partials\PartialTypeCombiner.cs", "C#", 0, 39, 0, 0, 0, 0, 0, 7, 46
"e:\Unity\Project\Renewed-Ideology-Unity6\Assets\FastScriptReload\Scripts\Editor\Compilation\CodeRewriting\Partials\SyntaxTreeHelpers.cs", "C#", 0, 46, 0, 0, 0, 0, 0, 7, 53
"e:\Unity\Project\Renewed-Ideology-Unity6\Assets\FastScriptReload\Scripts\Editor\Compilation\CodeRewriting\Partials\SyntaxTreeMergePartialsExtensions.cs", "C#", 0, 17, 0, 0, 0, 0, 0, 2, 19
"e:\Unity\Project\Renewed-Ideology-Unity6\Assets\FastScriptReload\Scripts\Editor\Compilation\CodeRewriting\RecordRewriter.cs", "C#", 0, 30, 0, 0, 0, 0, 0, 6, 36
"e:\Unity\Project\Renewed-Ideology-Unity6\Assets\FastScriptReload\Scripts\Editor\Compilation\CodeRewriting\RedundantTypeNameQualifierRewriter.cs", "C#", 0, 31, 0, 0, 0, 0, 4, 6, 41
"e:\Unity\Project\Renewed-Ideology-Unity6\Assets\FastScriptReload\Scripts\Editor\Compilation\CodeRewriting\RoslynUtils.cs", "C#", 0, 26, 0, 0, 0, 0, 0, 3, 29
"e:\Unity\Project\Renewed-Ideology-Unity6\Assets\FastScriptReload\Scripts\Editor\Compilation\CodeRewriting\ThisAssignmentRewriter.cs", "C#", 0, 18, 0, 0, 0, 0, 0, 3, 21
"e:\Unity\Project\Renewed-Ideology-Unity6\Assets\FastScriptReload\Scripts\Editor\Compilation\CodeRewriting\ThisCallRewriter.cs", "C#", 0, 20, 0, 0, 0, 0, 0, 2, 22
"e:\Unity\Project\Renewed-Ideology-Unity6\Assets\FastScriptReload\Scripts\Editor\Compilation\CodeRewriting\ThisRewriterBase.cs", "C#", 0, 44, 0, 0, 0, 0, 1, 6, 51
"e:\Unity\Project\Renewed-Ideology-Unity6\Assets\FastScriptReload\Scripts\Editor\Compilation\DotnetExeCompilator.cs", "C#", 0, 287, 0, 0, 0, 0, 10, 52, 349
"e:\Unity\Project\Renewed-Ideology-Unity6\Assets\FastScriptReload\Scripts\Editor\Compilation\DynamicAssemblyCompiler.cs", "C#", 0, 58, 0, 0, 0, 0, 0, 6, 64
"e:\Unity\Project\Renewed-Ideology-Unity6\Assets\FastScriptReload\Scripts\Editor\Compilation\DynamicCompilationBase.cs", "C#", 0, 295, 0, 0, 0, 0, 41, 51, 387
"e:\Unity\Project\Renewed-Ideology-Unity6\Assets\FastScriptReload\Scripts\Editor\Compilation\McsExeDynamicCompilation.cs", "C#", 0, 53, 0, 0, 0, 0, 3, 8, 64
"e:\Unity\Project\Renewed-Ideology-Unity6\Assets\FastScriptReload\Scripts\Editor\Compilation\PatchMcsArgsGeneration.cs", "C#", 0, 83, 0, 0, 0, 0, 16, 11, 110
"e:\Unity\Project\Renewed-Ideology-Unity6\Assets\FastScriptReload\Scripts\Editor\Compilation\ScriptGenerationOverrides\ScriptGenerationOverridesManager.cs", "C#", 0, 156, 0, 0, 0, 0, 21, 30, 207
"e:\Unity\Project\Renewed-Ideology-Unity6\Assets\FastScriptReload\Scripts\Editor\CustomFileWatcher.cs", "C#", 0, 174, 0, 0, 0, 0, 16, 34, 224
"e:\Unity\Project\Renewed-Ideology-Unity6\Assets\FastScriptReload\Scripts\Editor\FastScriptReloadManager.cs", "C#", 0, 682, 0, 0, 0, 0, 60, 121, 863
"e:\Unity\Project\Renewed-Ideology-Unity6\Assets\FastScriptReload\Scripts\Editor\FastScriptReloadWelcomeScreen.cs", "C#", 0, 905, 0, 0, 0, 0, 8, 179, 1092
"e:\Unity\Project\Renewed-Ideology-Unity6\Assets\FastScriptReload\Scripts\Editor\FileWatcherSetupEntry.cs", "C#", 0, 32, 0, 0, 0, 0, 0, 4, 36
"e:\Unity\Project\Renewed-Ideology-Unity6\Assets\FastScriptReload\Scripts\Editor\GUI\ProjectWindowReloadStatusIndicatorDrawer.cs", "C#", 0, 73, 0, 0, 0, 0, 0, 12, 85
"e:\Unity\Project\Renewed-Ideology-Unity6\Assets\FastScriptReload\Scripts\Editor\NewFields\NewFieldsRendererDefaultEditorPatch.cs", "C#", 0, 114, 0, 0, 0, 0, 10, 16, 140
"e:\Unity\Project\Renewed-Ideology-Unity6\Assets\FastScriptReload\Scripts\Editor\WindowsFileSystemWatcher.cs", "C#", 0, 290, 0, 0, 0, 0, 61, 60, 411
"e:\Unity\Project\Renewed-Ideology-Unity6\Assets\FastScriptReload\Scripts\Runtime\AssemblyChangesLoader.cs", "C#", 0, 239, 0, 0, 0, 0, 7, 39, 285
"e:\Unity\Project\Renewed-Ideology-Unity6\Assets\FastScriptReload\Scripts\Runtime\AssemblyChangesLoaderResolver.cs", "C#", 0, 35, 0, 0, 0, 0, 1, 8, 44
"e:\Unity\Project\Renewed-Ideology-Unity6\Assets\FastScriptReload\Scripts\Runtime\DetourCrashHandler.cs", "C#", 0, 68, 0, 0, 0, 0, 1, 7, 76
"e:\Unity\Project\Renewed-Ideology-Unity6\Assets\FastScriptReload\Scripts\Runtime\LoggerScopedInitializer.cs", "C#", 0, 20, 0, 0, 0, 0, 0, 2, 22
"e:\Unity\Project\Renewed-Ideology-Unity6\Assets\FastScriptReload\Scripts\Runtime\ProjectTypeCache.cs", "C#", 0, 43, 0, 0, 0, 0, 0, 6, 49
"e:\Unity\Project\Renewed-Ideology-Unity6\Assets\FastScriptReload\Scripts\Runtime\TemporaryNewFieldValues.cs", "C#", 0, 80, 0, 0, 0, 0, 1, 13, 94
"e:\Unity\Project\Renewed-Ideology-Unity6\Assets\FastScriptReload\Tests\Editor\Integration\CodePatterns\AccessingIdentifierNamedSameAsMethodTest.cs", "C#", 0, 43, 0, 0, 0, 0, 0, 9, 52
"e:\Unity\Project\Renewed-Ideology-Unity6\Assets\FastScriptReload\Tests\Editor\Integration\CodePatterns\AccessingNewFieldsAddedAtRuntimeSameNameAsStaticClassFieldTest.cs", "C#", 0, 17, 0, 0, 0, 0, 0, 3, 20
"e:\Unity\Project\Renewed-Ideology-Unity6\Assets\FastScriptReload\Tests\Editor\Integration\CodePatterns\CompileWithRedirectTestBase.cs", "C#", 0, 81, 0, 0, 0, 0, 1, 12, 94
"e:\Unity\Project\Renewed-Ideology-Unity6\Assets\FastScriptReload\Tests\Editor\Integration\CodePatterns\MergePartialClassesTest.cs", "C#", 0, 269, 0, 0, 0, 0, 22, 56, 347
"e:\Unity\Project\Renewed-Ideology-Unity6\Assets\FastScriptReload\Tests\Editor\Integration\CodePatterns\MethodAccessingNestedEnumTest.cs", "C#", 0, 29, 0, 0, 0, 0, 1, 5, 35
"e:\Unity\Project\Renewed-Ideology-Unity6\Assets\FastScriptReload\Tests\Editor\Integration\CodePatterns\NewFieldInitDictionariesWithLocalFunctionTest.cs", "C#", 0, 16, 0, 0, 0, 0, 0, 3, 19
"e:\Unity\Project\Renewed-Ideology-Unity6\Assets\FastScriptReload\Tests\Runtime\Integration\CodePatterns\AccessingIdentifierNamedSameAsMethod.cs", "C#", 0, 20, 0, 0, 0, 0, 2, 4, 26
"e:\Unity\Project\Renewed-Ideology-Unity6\Assets\FastScriptReload\Tests\Runtime\Integration\CodePatterns\AccessingNewFieldsAddedAtRuntimeSameNameAsStaticClassField.cs", "C#", 0, 10, 0, 0, 0, 0, 4, 2, 16
"e:\Unity\Project\Renewed-Ideology-Unity6\Assets\FastScriptReload\Tests\Runtime\Integration\CodePatterns\MethodAccessingNestedEnum.cs", "C#", 0, 21, 0, 0, 0, 0, 4, 4, 29
"e:\Unity\Project\Renewed-Ideology-Unity6\Assets\FastScriptReload\Tests\Runtime\Integration\CodePatterns\NewFieldInitDictionariesWithLocalFunction.cs", "C#", 0, 20, 0, 0, 0, 0, 1, 3, 24
"e:\Unity\Project\Renewed-Ideology-Unity6\Assets\FastScriptReload\Tests\Runtime\Integration\CodePatterns\TestDetourConfirmation.cs", "C#", 0, 27, 0, 0, 0, 0, 1, 8, 36
"e:\Unity\Project\Renewed-Ideology-Unity6\Assets\Old\SpellCards\NS0000\NoneSpell0000.cs", "C#", 0, 58, 0, 0, 0, 0, 2, 14, 74
"e:\Unity\Project\Renewed-Ideology-Unity6\Assets\Old\SpellCards\NS0001\DestroyTag.cs", "C#", 0, 22, 0, 0, 0, 0, 0, 6, 28
"e:\Unity\Project\Renewed-Ideology-Unity6\Assets\Old\SpellCards\NS0001\NoneSpell000101.cs", "C#", 0, 133, 0, 0, 0, 0, 8, 32, 173
"e:\Unity\Project\Renewed-Ideology-Unity6\Assets\Old\SpellCards\NS0001\NoneSpell000102.cs", "C#", 0, 61, 0, 0, 0, 0, 1, 16, 78
"e:\Unity\Project\Renewed-Ideology-Unity6\Assets\PathCreator\Core\Editor\Helper\MouseUtility.cs", "C#", 0, 33, 0, 0, 0, 0, 6, 4, 43
"e:\Unity\Project\Renewed-Ideology-Unity6\Assets\PathCreator\Core\Editor\Helper\PathHandle.cs", "C#", 0, 195, 0, 0, 0, 0, 7, 35, 237
"e:\Unity\Project\Renewed-Ideology-Unity6\Assets\PathCreator\Core\Editor\Helper\ScreenSpacePolyLine.cs", "C#", 0, 170, 0, 0, 0, 0, 9, 36, 215
"e:\Unity\Project\Renewed-Ideology-Unity6\Assets\PathCreator\Core\Editor\PathEditor.cs", "C#", 0, 580, 0, 0, 0, 0, 31, 125, 736
"e:\Unity\Project\Renewed-Ideology-Unity6\Assets\PathCreator\Core\Runtime\Objects\BezierPath.cs", "C#", 0, 488, 0, 0, 0, 0, 93, 97, 678
"e:\Unity\Project\Renewed-Ideology-Unity6\Assets\PathCreator\Core\Runtime\Objects\EndOfPathInstruction.cs", "C#", 0, 3, 0, 0, 0, 0, 0, 1, 4
"e:\Unity\Project\Renewed-Ideology-Unity6\Assets\PathCreator\Core\Runtime\Objects\GlobalDisplaySettings.cs", "C#", 0, 57, 0, 0, 0, 0, 1, 13, 71
"e:\Unity\Project\Renewed-Ideology-Unity6\Assets\PathCreator\Core\Runtime\Objects\MinMax3D.cs", "C#", 0, 17, 0, 0, 0, 0, 0, 4, 21
"e:\Unity\Project\Renewed-Ideology-Unity6\Assets\PathCreator\Core\Runtime\Objects\PathCreator.cs", "C#", 0, 82, 0, 0, 0, 0, 8, 22, 112
"e:\Unity\Project\Renewed-Ideology-Unity6\Assets\PathCreator\Core\Runtime\Objects\PathCreatorData.cs", "C#", 0, 106, 0, 0, 0, 0, 7, 23, 136
"e:\Unity\Project\Renewed-Ideology-Unity6\Assets\PathCreator\Core\Runtime\Objects\PathSpace.cs", "C#", 0, 3, 0, 0, 0, 0, 0, 1, 4
"e:\Unity\Project\Renewed-Ideology-Unity6\Assets\PathCreator\Core\Runtime\Objects\VertexPath.cs", "C#", 0, 239, 0, 0, 0, 0, 49, 57, 345
"e:\Unity\Project\Renewed-Ideology-Unity6\Assets\PathCreator\Core\Runtime\Utility\CubicBezierUtility.cs", "C#", 0, 94, 0, 0, 0, 0, 19, 23, 136
"e:\Unity\Project\Renewed-Ideology-Unity6\Assets\PathCreator\Core\Runtime\Utility\MathUtility.cs", "C#", 0, 130, 0, 0, 0, 0, 2, 30, 162
"e:\Unity\Project\Renewed-Ideology-Unity6\Assets\PathCreator\Core\Runtime\Utility\VertexPathUtility.cs", "C#", 0, 113, 0, 0, 0, 0, 5, 21, 139
"e:\Unity\Project\Renewed-Ideology-Unity6\Assets\PathCreator\Examples\Scripts\Editor\PathSceneToolEditor.cs", "C#", 0, 90, 0, 0, 0, 0, 1, 17, 108
"e:\Unity\Project\Renewed-Ideology-Unity6\Assets\PathCreator\Examples\Scripts\GeneratePathExample.cs", "C#", 0, 14, 0, 0, 0, 0, 2, 4, 20
"e:\Unity\Project\Renewed-Ideology-Unity6\Assets\PathCreator\Examples\Scripts\PathFollower.cs", "C#", 0, 29, 0, 0, 0, 0, 5, 4, 38
"e:\Unity\Project\Renewed-Ideology-Unity6\Assets\PathCreator\Examples\Scripts\PathPlacer.cs", "C#", 0, 36, 0, 0, 0, 0, 0, 10, 46
"e:\Unity\Project\Renewed-Ideology-Unity6\Assets\PathCreator\Examples\Scripts\PathSceneTool.cs", "C#", 0, 25, 0, 0, 0, 0, 0, 7, 32
"e:\Unity\Project\Renewed-Ideology-Unity6\Assets\PathCreator\Examples\Scripts\PathSpawner.cs", "C#", 0, 19, 0, 0, 0, 0, 0, 6, 25
"e:\Unity\Project\Renewed-Ideology-Unity6\Assets\PathCreator\Examples\Scripts\RoadMeshCreator.cs", "C#", 0, 112, 0, 0, 0, 0, 16, 27, 155
"e:\Unity\Project\Renewed-Ideology-Unity6\Assets\Plugins\Demigiant\DOTween\DOTween.XML", "XML", 3089, 0, 0, 0, 0, 0, 0, 1, 3090
"e:\Unity\Project\Renewed-Ideology-Unity6\Assets\Plugins\Demigiant\DOTween\Editor\DOTweenEditor.XML", "XML", 144, 0, 0, 0, 0, 0, 0, 1, 145
"e:\Unity\Project\Renewed-Ideology-Unity6\Assets\Plugins\Demigiant\DOTween\Modules\DOTweenModuleAudio.cs", "C#", 0, 94, 0, 0, 0, 0, 80, 25, 199
"e:\Unity\Project\Renewed-Ideology-Unity6\Assets\Plugins\Demigiant\DOTween\Modules\DOTweenModuleEPOOutline.cs", "C#", 0, 109, 0, 0, 0, 0, 18, 20, 147
"e:\Unity\Project\Renewed-Ideology-Unity6\Assets\Plugins\Demigiant\DOTween\Modules\DOTweenModulePhysics.cs", "C#", 0, 137, 0, 0, 0, 0, 60, 20, 217
"e:\Unity\Project\Renewed-Ideology-Unity6\Assets\Plugins\Demigiant\DOTween\Modules\DOTweenModulePhysics2D.cs", "C#", 0, 125, 0, 0, 0, 0, 51, 18, 194
"e:\Unity\Project\Renewed-Ideology-Unity6\Assets\Plugins\Demigiant\DOTween\Modules\DOTweenModuleSprite.cs", "C#", 0, 63, 0, 0, 0, 0, 17, 14, 94
"e:\Unity\Project\Renewed-Ideology-Unity6\Assets\Plugins\Demigiant\DOTween\Modules\DOTweenModuleUI.cs", "C#", 0, 390, 0, 0, 0, 0, 203, 70, 663
"e:\Unity\Project\Renewed-Ideology-Unity6\Assets\Plugins\Demigiant\DOTween\Modules\DOTweenModuleUnityVersion.cs", "C#", 0, 254, 0, 0, 0, 0, 99, 37, 390
"e:\Unity\Project\Renewed-Ideology-Unity6\Assets\Plugins\Demigiant\DOTween\Modules\DOTweenModuleUtils.cs", "C#", 0, 123, 0, 0, 0, 0, 27, 18, 168
"e:\Unity\Project\Renewed-Ideology-Unity6\Assets\Plugins\Sirenix\Assemblies\Sirenix.OdinInspector.Attributes.xml", "XML", 6178, 0, 0, 0, 0, 0, 2, 262, 6442
"e:\Unity\Project\Renewed-Ideology-Unity6\Assets\Plugins\Sirenix\Assemblies\Sirenix.OdinInspector.Editor.xml", "XML", 11200, 0, 0, 0, 0, 0, 0, 113, 11313
"e:\Unity\Project\Renewed-Ideology-Unity6\Assets\Plugins\Sirenix\Assemblies\Sirenix.OdinValidator.Editor.xml", "XML", 39, 0, 0, 0, 0, 0, 0, 1, 40
"e:\Unity\Project\Renewed-Ideology-Unity6\Assets\Plugins\Sirenix\Assemblies\Sirenix.Serialization.Config.xml", "XML", 202, 0, 0, 0, 0, 0, 0, 1, 203
"e:\Unity\Project\Renewed-Ideology-Unity6\Assets\Plugins\Sirenix\Assemblies\Sirenix.Serialization.xml", "XML", 9858, 0, 0, 0, 0, 0, 0, 7, 9865
"e:\Unity\Project\Renewed-Ideology-Unity6\Assets\Plugins\Sirenix\Assemblies\Sirenix.Utilities.Editor.xml", "XML", 9771, 0, 0, 0, 0, 0, 2, 18, 9791
"e:\Unity\Project\Renewed-Ideology-Unity6\Assets\Plugins\Sirenix\Assemblies\Sirenix.Utilities.xml", "XML", 3710, 0, 0, 0, 0, 0, 0, 4, 3714
"e:\Unity\Project\Renewed-Ideology-Unity6\Assets\Plugins\Sirenix\Assemblies\link.xml", "XML", 6, 0, 0, 0, 0, 0, 0, 0, 6
"e:\Unity\Project\Renewed-Ideology-Unity6\Assets\Plugins\Sirenix\Odin Inspector\Assets\Editor\Hidden\ExtractSpriteShader.shader", "ShaderLab", 0, 0, 0, 0, 44, 0, 1, 6, 51
"e:\Unity\Project\Renewed-Ideology-Unity6\Assets\Plugins\Sirenix\Odin Inspector\Assets\Editor\Hidden\GUIUtilShader.shader", "ShaderLab", 0, 0, 0, 0, 80, 0, 3, 15, 98
"e:\Unity\Project\Renewed-Ideology-Unity6\Assets\Plugins\Sirenix\Odin Inspector\Assets\Editor\Hidden\LazyEditorIconShader.shader", "ShaderLab", 0, 0, 0, 0, 41, 0, 7, 9, 57
"e:\Unity\Project\Renewed-Ideology-Unity6\Assets\Plugins\Sirenix\Odin Inspector\Assets\Editor\Hidden\SdfIconShader.shader", "ShaderLab", 0, 0, 0, 0, 81, 0, 0, 14, 95
"e:\Unity\Project\Renewed-Ideology-Unity6\Assets\Plugins\Sirenix\Odin Inspector\Modules\Unity.Mathematics\MathematicsDrawers.cs", "C#", 0, 744, 0, 0, 0, 0, 29, 110, 883
"e:\Unity\Project\Renewed-Ideology-Unity6\Assets\Plugins\Sirenix\Odin Validator\Assets\Editor\Hidden\ValidatorSpinningShader.shader", "ShaderLab", 0, 0, 0, 0, 222, 0, 8, 52, 282
"e:\Unity\Project\Renewed-Ideology-Unity6\Assets\Plugins\Sirenix\Odin Validator\EnsureCorrectOdinVersion.cs", "C#", 0, 159, 0, 0, 0, 0, 6, 31, 196
"e:\Unity\Project\Renewed-Ideology-Unity6\Assets\Plugins\Trinary Software\Timing.cs", "C#", 0, 1837, 0, 0, 0, 0, 536, 366, 2739
"e:\Unity\Project\Renewed-Ideology-Unity6\Assets\Resources\Shaders\Generated\SoftMask\TMP_Bitmap - SoftMask.shader", "ShaderLab", 0, 0, 0, 0, 121, 0, 5, 35, 161
"e:\Unity\Project\Renewed-Ideology-Unity6\Assets\Resources\Shaders\Generated\SoftMask\TMP_Bitmap-Custom-Atlas - SoftMask.shader", "ShaderLab", 0, 0, 0, 0, 121, 0, 5, 35, 161
"e:\Unity\Project\Renewed-Ideology-Unity6\Assets\Resources\Shaders\Generated\SoftMask\TMP_Bitmap-Mobile - SoftMask.shader", "ShaderLab", 0, 0, 0, 0, 131, 0, 6, 34, 171
"e:\Unity\Project\Renewed-Ideology-Unity6\Assets\Resources\Shaders\Generated\SoftMask\TMP_SDF - SoftMask.shader", "ShaderLab", 0, 0, 0, 0, 261, 0, 7, 74, 342
"e:\Unity\Project\Renewed-Ideology-Unity6\Assets\Resources\Shaders\Generated\SoftMask\TMP_SDF-Mobile - SoftMask.shader", "ShaderLab", 0, 0, 0, 0, 200, 0, 11, 55, 266
"e:\Unity\Project\Renewed-Ideology-Unity6\Assets\Resources\Shaders\Generated\SoftMask\TMP_SDF-Mobile Masking - SoftMask.shader", "ShaderLab", 0, 0, 0, 0, 209, 0, 13, 55, 277
"e:\Unity\Project\Renewed-Ideology-Unity6\Assets\Resources\Shaders\Generated\SoftMask\TMP_Sprite - SoftMask.shader", "ShaderLab", 0, 0, 0, 0, 119, 0, 3, 25, 147
"e:\Unity\Project\Renewed-Ideology-Unity6\Assets\ScriptableObjects\BossList.cs", "C#", 0, 24, 0, 0, 0, 0, 6, 5, 35
"e:\Unity\Project\Renewed-Ideology-Unity6\Assets\ScriptableObjects\EnemyBulletBasics.cs", "C#", 0, 26, 0, 0, 0, 0, 10, 6, 42
"e:\Unity\Project\Renewed-Ideology-Unity6\Assets\ScriptableObjects\FairyAnimation.cs", "C#", 0, 17, 0, 0, 0, 0, 0, 4, 21
"e:\Unity\Project\Renewed-Ideology-Unity6\Assets\ScriptableObjects\SpellCardInfo.cs", "C#", 0, 30, 0, 0, 0, 0, 1, 8, 39
"e:\Unity\Project\Renewed-Ideology-Unity6\Assets\ScriptableObjects\SpellPracticeStartInfo.cs", "C#", 0, 9, 0, 0, 0, 0, 0, 2, 11
"e:\Unity\Project\Renewed-Ideology-Unity6\Assets\Shaders\MultipleWaveShader.shader", "ShaderLab", 0, 0, 0, 0, 43, 0, 2, 8, 53
"e:\Unity\Project\Renewed-Ideology-Unity6\Assets\Test.cs", "C#", 0, 27, 0, 0, 0, 0, 2, 6, 35
"e:\Unity\Project\Renewed-Ideology-Unity6\Assets\TextMesh Pro\Shaders\SDFFunctions.hlsl", "HLSL", 0, 0, 0, 0, 0, 130, 18, 31, 179
"e:\Unity\Project\Renewed-Ideology-Unity6\Assets\TextMesh Pro\Shaders\TMP_Bitmap-Custom-Atlas.shader", "ShaderLab", 0, 0, 0, 0, 113, 0, 2, 31, 146
"e:\Unity\Project\Renewed-Ideology-Unity6\Assets\TextMesh Pro\Shaders\TMP_Bitmap-Mobile.shader", "ShaderLab", 0, 0, 0, 0, 123, 0, 3, 30, 156
"e:\Unity\Project\Renewed-Ideology-Unity6\Assets\TextMesh Pro\Shaders\TMP_Bitmap.shader", "ShaderLab", 0, 0, 0, 0, 113, 0, 2, 31, 146
"e:\Unity\Project\Renewed-Ideology-Unity6\Assets\TextMesh Pro\Shaders\TMP_SDF Overlay.shader", "ShaderLab", 0, 0, 0, 0, 253, 0, 4, 70, 327
"e:\Unity\Project\Renewed-Ideology-Unity6\Assets\TextMesh Pro\Shaders\TMP_SDF SSD.shader", "ShaderLab", 0, 0, 0, 0, 253, 0, 4, 65, 322
"e:\Unity\Project\Renewed-Ideology-Unity6\Assets\TextMesh Pro\Shaders\TMP_SDF-Mobile Masking.shader", "ShaderLab", 0, 0, 0, 0, 198, 0, 10, 51, 259
"e:\Unity\Project\Renewed-Ideology-Unity6\Assets\TextMesh Pro\Shaders\TMP_SDF-Mobile Overlay.shader", "ShaderLab", 0, 0, 0, 0, 193, 0, 8, 52, 253
"e:\Unity\Project\Renewed-Ideology-Unity6\Assets\TextMesh Pro\Shaders\TMP_SDF-Mobile SSD.shader", "ShaderLab", 0, 0, 0, 0, 82, 0, 4, 21, 107
"e:\Unity\Project\Renewed-Ideology-Unity6\Assets\TextMesh Pro\Shaders\TMP_SDF-Mobile-2-Pass.shader", "ShaderLab", 0, 0, 0, 0, 290, 0, 15, 85, 390
"e:\Unity\Project\Renewed-Ideology-Unity6\Assets\TextMesh Pro\Shaders\TMP_SDF-Mobile.shader", "ShaderLab", 0, 0, 0, 0, 192, 0, 8, 51, 251
"e:\Unity\Project\Renewed-Ideology-Unity6\Assets\TextMesh Pro\Shaders\TMP_SDF-Surface-Mobile.shader", "ShaderLab", 0, 0, 0, 0, 104, 0, 8, 28, 140
"e:\Unity\Project\Renewed-Ideology-Unity6\Assets\TextMesh Pro\Shaders\TMP_SDF-Surface.shader", "ShaderLab", 0, 0, 0, 0, 123, 0, 4, 33, 160
"e:\Unity\Project\Renewed-Ideology-Unity6\Assets\TextMesh Pro\Shaders\TMP_SDF.shader", "ShaderLab", 0, 0, 0, 0, 253, 0, 4, 70, 327
"e:\Unity\Project\Renewed-Ideology-Unity6\Assets\TextMesh Pro\Shaders\TMP_Sprite.shader", "ShaderLab", 0, 0, 0, 0, 111, 0, 0, 21, 132
"e:\Unity\Project\Renewed-Ideology-Unity6\Assets\TextMesh Pro\Shaders\TMPro.cginc", "HLSL", 0, 0, 0, 0, 0, 63, 2, 20, 85
"e:\Unity\Project\Renewed-Ideology-Unity6\Assets\TextMesh Pro\Shaders\TMPro_Mobile.cginc", "HLSL", 0, 0, 0, 0, 0, 129, 2, 35, 166
"e:\Unity\Project\Renewed-Ideology-Unity6\Assets\TextMesh Pro\Shaders\TMPro_Properties.cginc", "HLSL", 0, 0, 0, 0, 0, 62, 6, 13, 81
"e:\Unity\Project\Renewed-Ideology-Unity6\Assets\TextMesh Pro\Shaders\TMPro_Surface.cginc", "HLSL", 0, 0, 0, 0, 0, 75, 7, 18, 100
"e:\Unity\Project\Renewed-Ideology-Unity6\Assets\TextMesh Pro\Sprites\EmojiOne.json", "JSON", 0, 0, 155, 0, 0, 0, 0, 2, 157
"e:\Unity\Project\Renewed-Ideology-Unity6\Assets\_SpellCards\CurveLaser\BulletGenerator.cs", "C#", 0, 33, 0, 0, 0, 0, 6, 13, 52
"e:\Unity\Project\Renewed-Ideology-Unity6\Assets\_SpellCards\CurveLaser\CurveLaserHead.cs", "C#", 0, 295, 0, 0, 0, 0, 110, 79, 484
"e:\Unity\Project\Renewed-Ideology-Unity6\Assets\_SpellCards\CurveLaser\LaserSpawner.cs", "C#", 0, 39, 0, 0, 0, 0, 0, 11, 50
"e:\Unity\Project\Renewed-Ideology-Unity6\Assets\_SpellCards\NPC0\普攻0 穰子二非复刻\NPC0NS0.cs", "C#", 0, 81, 0, 0, 0, 0, 0, 16, 97
"e:\Unity\Project\Renewed-Ideology-Unity6\Assets\_SpellCards\NPC0\普攻1 五瓣花\NPC0NS1.cs", "C#", 0, 61, 0, 0, 0, 0, 6, 14, 81
"e:\Unity\Project\Renewed-Ideology-Unity6\Assets\_SpellCards\NPC0\普攻2 正弦圆圈弹测试\NPC0NS2.cs", "C#", 0, 26, 0, 0, 0, 0, 4, 8, 38
"e:\Unity\Project\Renewed-Ideology-Unity6\Assets\_SpellCards\NPC0\普攻2 正弦圆圈弹测试\NPC0NS2BulletRing.cs", "C#", 0, 55, 0, 0, 0, 0, 6, 13, 74
"e:\Unity\Project\Renewed-Ideology-Unity6\Assets\_SpellCards\NPC0\普攻3 正弦圆圈弹测试 2\NPC0NS3.cs", "C#", 0, 26, 0, 0, 0, 0, 4, 8, 38
"e:\Unity\Project\Renewed-Ideology-Unity6\Assets\_SpellCards\NPC0\普攻3 正弦圆圈弹测试 2\NPC0NS3BulletRing.cs", "C#", 0, 53, 0, 0, 0, 0, 7, 14, 74
"e:\Unity\Project\Renewed-Ideology-Unity6\Assets\_SpellCards\NPC0\普攻4 十字转圈\NPC0NS4.cs", "C#", 0, 52, 0, 0, 0, 0, 2, 12, 66
"e:\Unity\Project\Renewed-Ideology-Unity6\Assets\_SpellCards\NPC0\普攻5 五等分圆圈(可用）\NPC0NS5.cs", "C#", 0, 127, 0, 0, 0, 0, 31, 30, 188
"e:\Unity\Project\Renewed-Ideology-Unity6\Assets\_SpellCards\NPC0\普攻6 抛洒星星(可用）\NPC0NS6.cs", "C#", 0, 64, 0, 0, 0, 0, 3, 17, 84
"e:\Unity\Project\Renewed-Ideology-Unity6\Assets\_SpellCards\NPC0\普攻7 地灵殿四道中小妖精\NPC0NS7.cs", "C#", 0, 89, 0, 0, 0, 0, 1, 15, 105
"e:\Unity\Project\Renewed-Ideology-Unity6\Assets\_SpellCards\NPC0\普攻8 圆圈正弦分解\NPC0NS8.cs", "C#", 0, 47, 0, 0, 0, 0, 7, 14, 68
"e:\Unity\Project\Renewed-Ideology-Unity6\Assets\_SpellCards\NPC0\符卡0 星降神灵庙\NPC0SC0Dot.cs", "C#", 0, 27, 0, 0, 0, 0, 24, 8, 59
"e:\Unity\Project\Renewed-Ideology-Unity6\Assets\_SpellCards\NPC0\符卡0 星降神灵庙\NPC0SC0JadeG.cs", "C#", 0, 46, 0, 0, 0, 0, 6, 9, 61
"e:\Unity\Project\Renewed-Ideology-Unity6\Assets\_SpellCards\NPC0\符卡1 绿叶风暴\NPC0SC1.cs", "C#", 0, 19, 0, 0, 0, 0, 2, 5, 26
"e:\Unity\Project\Renewed-Ideology-Unity6\Assets\_SpellCards\NPC0\符卡1 绿叶风暴\NPC0SC1JadeG.cs", "C#", 0, 34, 0, 0, 0, 0, 5, 15, 54
"e:\Unity\Project\Renewed-Ideology-Unity6\Assets\_SpellCards\NPC0\符卡2 风神 百二十日\NPC0SC2.cs", "C#", 0, 32, 0, 0, 0, 0, 0, 6, 38
"e:\Unity\Project\Renewed-Ideology-Unity6\Assets\_SpellCards\NPC0\符卡2 风神 百二十日\NPC0SC2Rice.cs", "C#", 0, 27, 0, 0, 0, 0, 0, 5, 32
"e:\Unity\Project\Renewed-Ideology-Unity6\Assets\_SpellCards\NPC0\符卡3 信仰之山\NPC0SC3.cs", "C#", 0, 85, 0, 0, 0, 0, 12, 15, 112
"e:\Unity\Project\Renewed-Ideology-Unity6\Assets\_SpellCards\NPC0\符卡4 鹰已击落\NPC0SC4.cs", "C#", 0, 51, 0, 0, 0, 0, 5, 11, 67
"e:\Unity\Project\Renewed-Ideology-Unity6\Assets\_SpellCards\NPCTestAbandoned\0_NS0\Spell000000.cs", "C#", 0, 58, 0, 0, 0, 0, 3, 11, 72
"e:\Unity\Project\Renewed-Ideology-Unity6\Assets\_SpellCards\NPCTestAbandoned\1_SC0\Spell000100.cs", "C#", 0, 62, 0, 0, 0, 0, 33, 29, 124
"e:\Unity\Project\Renewed-Ideology-Unity6\Assets\_SpellCards\NPCTestAbandoned\1_SC0\Spell000101.cs", "C#", 0, 49, 0, 0, 0, 0, 0, 11, 60
"e:\Unity\Project\Renewed-Ideology-Unity6\Assets\_SpellCards\NPCTestAbandoned\2_NS1\Spell000200.cs", "C#", 0, 56, 0, 0, 0, 0, 1, 11, 68
"e:\Unity\Project\Renewed-Ideology-Unity6\Assets\_SpellCards\NPCTestAbandoned\3_SC1\Spell000300.cs", "C#", 0, 52, 0, 0, 0, 0, 11, 15, 78
"e:\Unity\Project\Renewed-Ideology-Unity6\Assets\_SpellCards\NPCTestAbandoned\4_NS2\Spell000400.cs", "C#", 0, 57, 0, 0, 0, 0, 1, 17, 75
"e:\Unity\Project\Renewed-Ideology-Unity6\Assets\_SpellCards\NPCTestAbandoned\5_SC2\Spell000600.cs", "C#", 0, 81, 0, 0, 0, 0, 1, 15, 97
"e:\Unity\Project\Renewed-Ideology-Unity6\Assets\_SpellCards\NPCTestAbandoned\5_SC2\Spell000601.cs", "C#", 0, 57, 0, 0, 0, 0, 0, 15, 72
"e:\Unity\Project\Renewed-Ideology-Unity6\Assets\_SpellCards\NPCTestAbandoned\_SC\Spell000500.cs", "C#", 0, 59, 0, 0, 0, 0, 14, 14, 87
"e:\Unity\Project\Renewed-Ideology-Unity6\Assets\_SpellCards\东风谷早苗\普攻1 绿鳞弹乱舞\SanaeNS1.cs", "C#", 0, 94, 0, 0, 0, 0, 1, 14, 109
"e:\Unity\Project\Renewed-Ideology-Unity6\Assets\_SpellCards\东风谷早苗\普攻3 蓝紫旋转套件2\SanaeNS3.cs", "C#", 0, 88, 0, 0, 0, 0, 1, 13, 102
"e:\Unity\Project\Renewed-Ideology-Unity6\Assets\_SpellCards\东风谷早苗\普攻4 绿色鳞弹点弹甜甜圈\SanaeNS4.cs", "C#", 0, 56, 0, 0, 0, 0, 2, 9, 67
"e:\Unity\Project\Renewed-Ideology-Unity6\Assets\_SpellCards\东风谷早苗\秘术 灰色奇术\StarCtrl.cs", "C#", 0, 162, 0, 0, 0, 0, 7, 45, 214
"e:\Unity\Project\Renewed-Ideology-Unity6\Assets\_SpellCards\东风谷早苗\符卡0 星符 启明星\LaserFlower.cs", "C#", 0, 72, 0, 0, 0, 0, 0, 15, 87
"e:\Unity\Project\Renewed-Ideology-Unity6\Assets\_SpellCards\东风谷早苗\符卡0 星符 启明星\SanaeS0.cs", "C#", 0, 47, 0, 0, 0, 0, 1, 11, 59
"e:\Unity\Project\Renewed-Ideology-Unity6\Assets\_SpellCards\东风谷早苗\符卡0 星符 启明星\StarToCircle.cs", "C#", 0, 127, 0, 0, 0, 0, 19, 20, 166
"e:\Unity\Project\Renewed-Ideology-Unity6\Assets\_SpellCards\东风谷早苗\符卡1 奇迹 呼风唤神\StarCtrl2.cs", "C#", 0, 103, 0, 0, 0, 0, 1, 25, 129
"e:\Unity\Project\Renewed-Ideology-Unity6\Assets\_SpellCards\东风谷早苗\符卡2 瓮符 缠蛇缚网\SanaeSC2.cs", "C#", 0, 104, 0, 0, 0, 0, 2, 18, 124
"e:\Unity\Project\Renewed-Ideology-Unity6\Assets\_SpellCards\东风谷早苗\非符0 原作道中非\SanaeNS0.cs", "C#", 0, 128, 0, 0, 0, 0, 0, 20, 148
"e:\Unity\Project\Renewed-Ideology-Unity6\Assets\_SpellCards\东风谷早苗\非符0 原作道中非\StarParent.cs", "C#", 0, 13, 0, 0, 0, 0, 0, 2, 15
"e:\Unity\Project\Renewed-Ideology-Unity6\Assets\_SpellCards\东风谷早苗\非符1 蓝紫旋转套件1\SanaeNS10.cs", "C#", 0, 86, 0, 0, 0, 0, 2, 14, 102
"e:\Unity\Project\Renewed-Ideology-Unity6\Assets\_SpellCards\琪露诺\符卡0 雹符 多重冰晶\CirnoSC0.cs", "C#", 0, 140, 0, 0, 0, 0, 28, 25, 193
"e:\Unity\Project\Renewed-Ideology-Unity6\Assets\_SpellCards\琪露诺\非符0 分裂蓝椭弹\CirnoNS0.cs", "C#", 0, 68, 0, 0, 0, 0, 2, 12, 82
"e:\Unity\Project\Renewed-Ideology-Unity6\Assets\_SpellCards\若鹭姬\普攻0 鳞弹旋风\WakasagihimeNS0.cs", "C#", 0, 95, 0, 0, 0, 0, 98, 11, 204
"e:\Unity\Project\Renewed-Ideology-Unity6\Assets\_SpellCards\若鹭姬\普攻1 鳞弹旋风加强版\WakasagihimeNS1.cs", "C#", 0, 100, 0, 0, 0, 0, 1, 11, 112
"e:\Unity\Project\Renewed-Ideology-Unity6\Assets\_SpellCards\若鹭姬\符卡0 波符 冬青与鳞之舞\WakasagihimeSC0.cs", "C#", 0, 130, 0, 0, 0, 0, 69, 27, 226
"e:\Unity\Project\Renewed-Ideology-Unity6\Assets\_SpellCards\若鹭姬\符卡1 月符 红月拍击\WakasagihimeSC1.cs", "C#", 0, 69, 0, 0, 0, 0, 16, 20, 105
"e:\Unity\Project\Renewed-Ideology-Unity6\Assets\_SpellCards\赤蛮奇\符卡2 DNA 刻于颅顶的大逃杀\SekibankiSC2.cs", "C#", 0, 129, 0, 0, 0, 0, 14, 27, 170
"e:\Unity\Project\Renewed-Ideology-Unity6\Assets\_SpellCards\赤蛮奇\符卡3 赤蛮奇的满月\SekibankiSC0.cs", "C#", 0, 71, 0, 0, 0, 0, 12, 14, 97
"e:\Unity\Project\Renewed-Ideology-Unity6\Assets\_SpellCards\赤蛮奇\非符0 红蓝满月\SekibankiNS0.cs", "C#", 0, 81, 0, 0, 0, 0, 9, 13, 103
"e:\Unity\Project\Renewed-Ideology-Unity6\Assets\_SpellCards\赤蛮奇\非符1 绿色旋风\SekibankiNS1.cs", "C#", 0, 70, 0, 0, 0, 0, 6, 16, 92
"e:\Unity\Project\Renewed-Ideology-Unity6\Assets\_SpellCards\赤蛮奇\非符2 红蓝DNA\SekibankiNS2.cs", "C#", 0, 113, 0, 0, 0, 0, 4, 22, 139
"e:\Unity\Project\Renewed-Ideology-Unity6\Assets\_SpellCards\赤蛮奇\非符3 深岭之花\SekibankiNS3.cs", "C#", 0, 131, 0, 0, 0, 0, 1, 21, 153
"e:\Unity\Project\Renewed-Ideology-Unity6\Assets\__Scripts\Audio\AudioManager.cs", "C#", 0, 118, 0, 0, 0, 0, 10, 14, 142
"e:\Unity\Project\Renewed-Ideology-Unity6\Assets\__Scripts\Background\LakeBGCtrl.cs", "C#", 0, 22, 0, 0, 0, 0, 14, 10, 46
"e:\Unity\Project\Renewed-Ideology-Unity6\Assets\__Scripts\BulletHitRadCheckRoom.cs", "C#", 0, 29, 0, 0, 0, 0, 7, 8, 44
"e:\Unity\Project\Renewed-Ideology-Unity6\Assets\__Scripts\Effect\BulletBreakCtrl.cs", "C#", 0, 34, 0, 0, 0, 0, 4, 8, 46
"e:\Unity\Project\Renewed-Ideology-Unity6\Assets\__Scripts\Effect\BulletDestroyParticle.cs", "C#", 0, 33, 0, 0, 0, 0, 0, 7, 40
"e:\Unity\Project\Renewed-Ideology-Unity6\Assets\__Scripts\Effect\CircularHeathBarCtrl.cs", "C#", 0, 12, 0, 0, 0, 0, 2, 5, 19
"e:\Unity\Project\Renewed-Ideology-Unity6\Assets\__Scripts\Effect\DestroyDebug.cs", "C#", 0, 10, 0, 0, 0, 0, 0, 2, 12
"e:\Unity\Project\Renewed-Ideology-Unity6\Assets\__Scripts\Effect\DistortCtrl.cs", "C#", 0, 28, 0, 0, 0, 0, 2, 9, 39
"e:\Unity\Project\Renewed-Ideology-Unity6\Assets\__Scripts\Effect\Enemy\AuraCtrl.cs", "C#", 0, 48, 0, 0, 0, 0, 2, 10, 60
"e:\Unity\Project\Renewed-Ideology-Unity6\Assets\__Scripts\Effect\Enemy\CircularHealthBar.cs", "C#", 0, 43, 0, 0, 0, 0, 14, 10, 67
"e:\Unity\Project\Renewed-Ideology-Unity6\Assets\__Scripts\Effect\Enemy\HealthBarFrame.cs", "C#", 0, 23, 0, 0, 0, 0, 0, 5, 28
"e:\Unity\Project\Renewed-Ideology-Unity6\Assets\__Scripts\Effect\Enemy\MagSquareCtrl.cs", "C#", 0, 30, 0, 0, 0, 0, 1, 3, 34
"e:\Unity\Project\Renewed-Ideology-Unity6\Assets\__Scripts\Effect\FairyBreak\FairyBreakEffectCtrl.cs", "C#", 0, 116, 0, 0, 0, 0, 8, 20, 144
"e:\Unity\Project\Renewed-Ideology-Unity6\Assets\__Scripts\Effect\FairyBreak\FairyBreakMaple.cs", "C#", 0, 26, 0, 0, 0, 0, 0, 5, 31
"e:\Unity\Project\Renewed-Ideology-Unity6\Assets\__Scripts\Effect\FairyBreak\FairyBreakStream.cs", "C#", 0, 7, 0, 0, 0, 0, 0, 2, 9
"e:\Unity\Project\Renewed-Ideology-Unity6\Assets\__Scripts\Effect\GridSpinner.cs", "C#", 0, 10, 0, 0, 0, 0, 0, 2, 12
"e:\Unity\Project\Renewed-Ideology-Unity6\Assets\__Scripts\Effect\HealthBarDownCtrl.cs", "C#", 0, 45, 0, 0, 0, 0, 0, 7, 52
"e:\Unity\Project\Renewed-Ideology-Unity6\Assets\__Scripts\Effect\Item\RingParticleCtrl.cs", "C#", 0, 32, 0, 0, 0, 0, 0, 7, 39
"e:\Unity\Project\Renewed-Ideology-Unity6\Assets\__Scripts\Effect\Item\StarRingCtrl.cs", "C#", 0, 49, 0, 0, 0, 0, 1, 12, 62
"e:\Unity\Project\Renewed-Ideology-Unity6\Assets\__Scripts\Effect\Particle.cs", "C#", 0, 50, 0, 0, 0, 0, 11, 12, 73
"e:\Unity\Project\Renewed-Ideology-Unity6\Assets\__Scripts\Effect\PlayerDeadEffect.cs", "C#", 0, 55, 0, 0, 0, 0, 0, 12, 67
"e:\Unity\Project\Renewed-Ideology-Unity6\Assets\__Scripts\Effect\ReverseColorCtrl.cs", "C#", 0, 53, 0, 0, 0, 0, 10, 11, 74
"e:\Unity\Project\Renewed-Ideology-Unity6\Assets\__Scripts\Effect\ReverseColorEffect.cs", "C#", 0, 79, 0, 0, 0, 0, 1, 16, 96
"e:\Unity\Project\Renewed-Ideology-Unity6\Assets\__Scripts\Effect\ShardCircleCtrl.cs", "C#", 0, 11, 0, 0, 0, 0, 0, 5, 16
"e:\Unity\Project\Renewed-Ideology-Unity6\Assets\__Scripts\Effect\ShardCircleTransition.cs", "C#", 0, 75, 0, 0, 0, 0, 1, 14, 90
"e:\Unity\Project\Renewed-Ideology-Unity6\Assets\__Scripts\Effect\SpellBreakCamera.cs", "C#", 0, 5, 0, 0, 0, 0, 0, 2, 7
"e:\Unity\Project\Renewed-Ideology-Unity6\Assets\__Scripts\Effect\SpellCardBackground\FragCtrl.cs", "C#", 0, 90, 0, 0, 0, 0, 12, 22, 124
"e:\Unity\Project\Renewed-Ideology-Unity6\Assets\__Scripts\Effect\SpellCardBackground\FragManager.cs", "C#", 0, 161, 0, 0, 0, 0, 19, 26, 206
"e:\Unity\Project\Renewed-Ideology-Unity6\Assets\__Scripts\Effect\SpellPracticeBackground\Block.cs", "C#", 0, 15, 0, 0, 0, 0, 1, 3, 19
"e:\Unity\Project\Renewed-Ideology-Unity6\Assets\__Scripts\Effect\SpellPracticeBackground\BlockCtrl.cs", "C#", 0, 87, 0, 0, 0, 0, 13, 27, 127
"e:\Unity\Project\Renewed-Ideology-Unity6\Assets\__Scripts\Effect\StripCtrl.cs", "C#", 0, 45, 0, 0, 0, 0, 2, 9, 56
"e:\Unity\Project\Renewed-Ideology-Unity6\Assets\__Scripts\EnemyBullet\BulletEraser.cs", "C#", 0, 39, 0, 0, 0, 0, 0, 6, 45
"e:\Unity\Project\Renewed-Ideology-Unity6\Assets\__Scripts\EnemyBullet\BulletGroup.cs", "C#", 0, 22, 0, 0, 0, 0, 0, 5, 27
"e:\Unity\Project\Renewed-Ideology-Unity6\Assets\__Scripts\EnemyBullet\Config.cs", "C#", 0, 82, 0, 0, 0, 0, 4, 18, 104
"e:\Unity\Project\Renewed-Ideology-Unity6\Assets\__Scripts\EnemyBullet\Detect.cs", "C#", 0, 19, 0, 0, 0, 0, 0, 5, 24
"e:\Unity\Project\Renewed-Ideology-Unity6\Assets\__Scripts\EnemyBullet\EnemyBulletAPIs.cs", "C#", 0, 13, 0, 0, 0, 0, 0, 4, 17
"e:\Unity\Project\Renewed-Ideology-Unity6\Assets\__Scripts\EnemyBullet\Generators\Generator.cs", "C#", 0, 54, 0, 0, 0, 0, 14, 16, 84
"e:\Unity\Project\Renewed-Ideology-Unity6\Assets\__Scripts\EnemyBullet\Generators\Generator000101.cs", "C#", 0, 123, 0, 0, 0, 0, 0, 16, 139
"e:\Unity\Project\Renewed-Ideology-Unity6\Assets\__Scripts\EnemyBullet\Generators\Generator000201.cs", "C#", 0, 109, 0, 0, 0, 0, 3, 16, 128
"e:\Unity\Project\Renewed-Ideology-Unity6\Assets\__Scripts\EnemyBullet\Highlight.cs", "C#", 0, 50, 0, 0, 0, 0, 0, 10, 60
"e:\Unity\Project\Renewed-Ideology-Unity6\Assets\__Scripts\EnemyBullet\LaserPoint.cs", "C#", 0, 124, 0, 0, 0, 0, 3, 28, 155
"e:\Unity\Project\Renewed-Ideology-Unity6\Assets\__Scripts\EnemyBullet\MoveMethod\Acceleration.cs", "C#", 0, 17, 0, 0, 0, 0, 0, 5, 22
"e:\Unity\Project\Renewed-Ideology-Unity6\Assets\__Scripts\EnemyBullet\MoveMethod\BulletMovement.cs", "C#", 0, 18, 0, 0, 0, 0, 0, 4, 22
"e:\Unity\Project\Renewed-Ideology-Unity6\Assets\__Scripts\EnemyBullet\MoveMethod\DoubleSpeedApproach.cs", "C#", 0, 51, 0, 0, 0, 0, 3, 10, 64
"e:\Unity\Project\Renewed-Ideology-Unity6\Assets\__Scripts\EnemyBullet\MoveMethod\DoubleSpeedLinear.cs", "C#", 0, 23, 0, 0, 0, 0, 0, 4, 27
"e:\Unity\Project\Renewed-Ideology-Unity6\Assets\__Scripts\EnemyBullet\MoveMethod\Follow.cs", "C#", 0, 27, 0, 0, 0, 0, 1, 7, 35
"e:\Unity\Project\Renewed-Ideology-Unity6\Assets\__Scripts\EnemyBullet\MoveMethod\PolarCoordinateMovement.cs", "C#", 0, 28, 0, 0, 0, 0, 0, 5, 33
"e:\Unity\Project\Renewed-Ideology-Unity6\Assets\__Scripts\EnemyBullet\MoveMethod\TripleSpeedApproach.cs", "C#", 0, 41, 0, 0, 0, 0, 0, 13, 54
"e:\Unity\Project\Renewed-Ideology-Unity6\Assets\__Scripts\EnemyBullet\MoveMethod\UniformLinear.cs", "C#", 0, 12, 0, 0, 0, 0, 0, 2, 14
"e:\Unity\Project\Renewed-Ideology-Unity6\Assets\__Scripts\EnemyBullet\MoveMethod\ZigzagLinear.cs", "C#", 0, 20, 0, 0, 0, 0, 0, 2, 22
"e:\Unity\Project\Renewed-Ideology-Unity6\Assets\__Scripts\EnemyBullet\PointLaserManager.cs", "C#", 0, 44, 0, 0, 0, 0, 1, 9, 54
"e:\Unity\Project\Renewed-Ideology-Unity6\Assets\__Scripts\EnemyBullet\SingleLineLaserCtrl.cs", "C#", 0, 37, 0, 0, 0, 0, 0, 11, 48
"e:\Unity\Project\Renewed-Ideology-Unity6\Assets\__Scripts\EnemyBullet\Sniper.cs", "C#", 0, 36, 0, 0, 0, 0, 0, 6, 42
"e:\Unity\Project\Renewed-Ideology-Unity6\Assets\__Scripts\EnemyBullet\State.cs", "C#", 0, 203, 0, 0, 0, 0, 22, 40, 265
"e:\Unity\Project\Renewed-Ideology-Unity6\Assets\__Scripts\Enemy\Boss\AttackPattern\AttackPattern.cs", "C#", 0, 5, 0, 0, 0, 0, 0, 2, 7
"e:\Unity\Project\Renewed-Ideology-Unity6\Assets\__Scripts\Enemy\Boss\AttackPattern\CircleSpawner.cs", "C#", 0, 76, 0, 0, 0, 0, 5, 20, 101
"e:\Unity\Project\Renewed-Ideology-Unity6\Assets\__Scripts\Enemy\Boss\AttackPattern\NoneSpell0001.cs", "C#", 0, 14, 0, 0, 0, 0, 0, 3, 17
"e:\Unity\Project\Renewed-Ideology-Unity6\Assets\__Scripts\Enemy\Boss\AttackPattern\SpellCard0002.cs", "C#", 0, 21, 0, 0, 0, 0, 0, 5, 26
"e:\Unity\Project\Renewed-Ideology-Unity6\Assets\__Scripts\Enemy\Boss\BossAnimator.cs", "C#", 0, 76, 0, 0, 0, 0, 6, 14, 96
"e:\Unity\Project\Renewed-Ideology-Unity6\Assets\__Scripts\Enemy\Boss\BossCtrl.cs", "C#", 0, 275, 0, 0, 0, 0, 25, 47, 347
"e:\Unity\Project\Renewed-Ideology-Unity6\Assets\__Scripts\Enemy\Boss\BossManager.cs", "C#", 0, 85, 0, 0, 0, 0, 3, 13, 101
"e:\Unity\Project\Renewed-Ideology-Unity6\Assets\__Scripts\Enemy\Damageable.cs", "C#", 0, 85, 0, 0, 0, 0, 4, 26, 115
"e:\Unity\Project\Renewed-Ideology-Unity6\Assets\__Scripts\Enemy\FairyAnimator.cs", "C#", 0, 78, 0, 0, 0, 0, 0, 15, 93
"e:\Unity\Project\Renewed-Ideology-Unity6\Assets\__Scripts\Enemy\Movement.cs", "C#", 0, 91, 0, 0, 0, 0, 7, 21, 119
"e:\Unity\Project\Renewed-Ideology-Unity6\Assets\__Scripts\GameManager.cs", "C#", 0, 73, 0, 0, 0, 0, 5, 16, 94
"e:\Unity\Project\Renewed-Ideology-Unity6\Assets\__Scripts\GameTitle\ArrowCtrl.cs", "C#", 0, 20, 0, 0, 0, 0, 0, 5, 25
"e:\Unity\Project\Renewed-Ideology-Unity6\Assets\__Scripts\GameTitle\ArrowShooter.cs", "C#", 0, 16, 0, 0, 0, 0, 0, 5, 21
"e:\Unity\Project\Renewed-Ideology-Unity6\Assets\__Scripts\GameTitle\CircleSetCtrl.cs", "C#", 0, 29, 0, 0, 0, 0, 0, 5, 34
"e:\Unity\Project\Renewed-Ideology-Unity6\Assets\__Scripts\GameTitle\PetalSetCtrl.cs", "C#", 0, 30, 0, 0, 0, 0, 2, 8, 40
"e:\Unity\Project\Renewed-Ideology-Unity6\Assets\__Scripts\GameTitle\TriFragCtrl.cs", "C#", 0, 93, 0, 0, 0, 0, 1, 28, 122
"e:\Unity\Project\Renewed-Ideology-Unity6\Assets\__Scripts\Item\Item.cs", "C#", 0, 121, 0, 0, 0, 0, 10, 18, 149
"e:\Unity\Project\Renewed-Ideology-Unity6\Assets\__Scripts\Item\ItemSpawner.cs", "C#", 0, 94, 0, 0, 0, 0, 4, 8, 106
"e:\Unity\Project\Renewed-Ideology-Unity6\Assets\__Scripts\Item\PlayerStatusManager.cs", "C#", 0, 85, 0, 0, 0, 0, 0, 12, 97
"e:\Unity\Project\Renewed-Ideology-Unity6\Assets\__Scripts\Menu\CardCtrl.cs", "C#", 0, 40, 0, 0, 0, 0, 2, 18, 60
"e:\Unity\Project\Renewed-Ideology-Unity6\Assets\__Scripts\Menu\CardManager.cs", "C#", 0, 35, 0, 0, 0, 0, 2, 9, 46
"e:\Unity\Project\Renewed-Ideology-Unity6\Assets\__Scripts\Menu\DecLineCtrl.cs", "C#", 0, 27, 0, 0, 0, 0, 0, 7, 34
"e:\Unity\Project\Renewed-Ideology-Unity6\Assets\__Scripts\Menu\DiffMenuPage.cs", "C#", 0, 42, 0, 0, 0, 0, 3, 12, 57
"e:\Unity\Project\Renewed-Ideology-Unity6\Assets\__Scripts\Menu\DiffSelectManager.cs", "C#", 0, 94, 0, 0, 0, 0, 113, 21, 228
"e:\Unity\Project\Renewed-Ideology-Unity6\Assets\__Scripts\Menu\LoadingCtrl.cs", "C#", 0, 36, 0, 0, 0, 0, 7, 9, 52
"e:\Unity\Project\Renewed-Ideology-Unity6\Assets\__Scripts\Menu\MenuCtrl.cs", "C#", 0, 129, 0, 0, 0, 0, 3, 27, 159
"e:\Unity\Project\Renewed-Ideology-Unity6\Assets\__Scripts\Menu\MenuDecoManager.cs", "C#", 0, 58, 0, 0, 0, 0, 0, 12, 70
"e:\Unity\Project\Renewed-Ideology-Unity6\Assets\__Scripts\Menu\MenuManager.cs", "C#", 0, 167, 0, 0, 0, 0, 1, 33, 201
"e:\Unity\Project\Renewed-Ideology-Unity6\Assets\__Scripts\Menu\MenuNode.cs", "C#", 0, 36, 0, 0, 0, 0, 0, 11, 47
"e:\Unity\Project\Renewed-Ideology-Unity6\Assets\__Scripts\Menu\NewTitleCircle.cs", "C#", 0, 88, 0, 0, 0, 0, 1, 17, 106
"e:\Unity\Project\Renewed-Ideology-Unity6\Assets\__Scripts\Menu\PauseMenu\PauseManager.cs", "C#", 0, 166, 0, 0, 0, 0, 107, 55, 328
"e:\Unity\Project\Renewed-Ideology-Unity6\Assets\__Scripts\Menu\PauseMenu\PauseMenuCtrl.cs", "C#", 0, 81, 0, 0, 0, 0, 14, 20, 115
"e:\Unity\Project\Renewed-Ideology-Unity6\Assets\__Scripts\Menu\PauseMenu\PauseMenuManager.cs", "C#", 0, 156, 0, 0, 0, 0, 1, 22, 179
"e:\Unity\Project\Renewed-Ideology-Unity6\Assets\__Scripts\Menu\PauseMenu\PauseMenuNode.cs", "C#", 0, 95, 0, 0, 0, 0, 22, 23, 140
"e:\Unity\Project\Renewed-Ideology-Unity6\Assets\__Scripts\Menu\PlayerMenuPage.cs", "C#", 0, 41, 0, 0, 0, 0, 3, 9, 53
"e:\Unity\Project\Renewed-Ideology-Unity6\Assets\__Scripts\Menu\PlayerSelectManager.cs", "C#", 0, 75, 0, 0, 0, 0, 14, 13, 102
"e:\Unity\Project\Renewed-Ideology-Unity6\Assets\__Scripts\Menu\TitleCircleCtrl.cs", "C#", 0, 35, 0, 0, 0, 0, 0, 5, 40
"e:\Unity\Project\Renewed-Ideology-Unity6\Assets\__Scripts\Menu\TitleFragManager.cs", "C#", 0, 110, 0, 0, 0, 0, 14, 27, 151
"e:\Unity\Project\Renewed-Ideology-Unity6\Assets\__Scripts\Menu\TitleLineManager.cs", "C#", 0, 107, 0, 0, 0, 0, 26, 24, 157
"e:\Unity\Project\Renewed-Ideology-Unity6\Assets\__Scripts\Menu\TitleWaveCtrl.cs", "C#", 0, 27, 0, 0, 0, 0, 0, 5, 32
"e:\Unity\Project\Renewed-Ideology-Unity6\Assets\__Scripts\Menu\TransitionDown.cs", "C#", 0, 62, 0, 0, 0, 0, 0, 9, 71
"e:\Unity\Project\Renewed-Ideology-Unity6\Assets\__Scripts\Menu\TransitionUp.cs", "C#", 0, 120, 0, 0, 0, 0, 12, 27, 159
"e:\Unity\Project\Renewed-Ideology-Unity6\Assets\__Scripts\Menu\WaveCircleCtrl.cs", "C#", 0, 26, 0, 0, 0, 0, 1, 5, 32
"e:\Unity\Project\Renewed-Ideology-Unity6\Assets\__Scripts\Menu\WaveCircleManager.cs", "C#", 0, 45, 0, 0, 0, 0, 0, 9, 54
"e:\Unity\Project\Renewed-Ideology-Unity6\Assets\__Scripts\Path\Path.cs", "C#", 0, 101, 0, 0, 0, 0, 3, 18, 122
"e:\Unity\Project\Renewed-Ideology-Unity6\Assets\__Scripts\Path\PathFollower.cs", "C#", 0, 183, 0, 0, 0, 0, 3, 22, 208
"e:\Unity\Project\Renewed-Ideology-Unity6\Assets\__Scripts\Player\BackEffectCtrl.cs", "C#", 0, 13, 0, 0, 0, 0, 2, 4, 19
"e:\Unity\Project\Renewed-Ideology-Unity6\Assets\__Scripts\Player\Bomb\WaterOrb.cs", "C#", 0, 123, 0, 0, 0, 0, 1, 17, 141
"e:\Unity\Project\Renewed-Ideology-Unity6\Assets\__Scripts\Player\Bomb\WaterOrbParticle.cs", "C#", 0, 38, 0, 0, 0, 0, 0, 4, 42
"e:\Unity\Project\Renewed-Ideology-Unity6\Assets\__Scripts\Player\Bomb\WaterSealBomb.cs", "C#", 0, 137, 0, 0, 0, 0, 9, 23, 169
"e:\Unity\Project\Renewed-Ideology-Unity6\Assets\__Scripts\Player\Config.cs", "C#", 0, 23, 0, 0, 0, 0, 0, 6, 29
"e:\Unity\Project\Renewed-Ideology-Unity6\Assets\__Scripts\Player\MainBullet.cs", "C#", 0, 71, 0, 0, 0, 0, 16, 21, 108
"e:\Unity\Project\Renewed-Ideology-Unity6\Assets\__Scripts\Player\PlayerCtrl.cs", "C#", 0, 152, 0, 0, 0, 0, 7, 29, 188
"e:\Unity\Project\Renewed-Ideology-Unity6\Assets\__Scripts\Player\PlayerState.cs", "C#", 0, 114, 0, 0, 0, 0, 3, 25, 142
"e:\Unity\Project\Renewed-Ideology-Unity6\Assets\__Scripts\Player\PlayerStateDisplay.cs", "C#", 0, 109, 0, 0, 0, 0, 6, 18, 133
"e:\Unity\Project\Renewed-Ideology-Unity6\Assets\__Scripts\Player\Shoot.cs", "C#", 0, 16, 0, 0, 0, 0, 0, 6, 22
"e:\Unity\Project\Renewed-Ideology-Unity6\Assets\__Scripts\Player\SlowEffect\SlowEffectCtrl.cs", "C#", 0, 49, 0, 0, 0, 0, 0, 12, 61
"e:\Unity\Project\Renewed-Ideology-Unity6\Assets\__Scripts\Player\Sub\NeedleBullet.cs", "C#", 0, 87, 0, 0, 0, 0, 4, 26, 117
"e:\Unity\Project\Renewed-Ideology-Unity6\Assets\__Scripts\Player\Sub\PlayerSub.cs", "C#", 0, 73, 0, 0, 0, 0, 1, 15, 89
"e:\Unity\Project\Renewed-Ideology-Unity6\Assets\__Scripts\Player\Sub\PlayerSubCtrl.cs", "C#", 0, 58, 0, 0, 0, 0, 2, 12, 72
"e:\Unity\Project\Renewed-Ideology-Unity6\Assets\__Scripts\PracticeManager.cs", "C#", 0, 25, 0, 0, 0, 0, 3, 5, 33
"e:\Unity\Project\Renewed-Ideology-Unity6\Assets\__Scripts\SpellCardEffect\SpellAnnouncement.cs", "C#", 0, 116, 0, 0, 0, 0, 2, 27, 145
"e:\Unity\Project\Renewed-Ideology-Unity6\Assets\__Scripts\SpellCardEffect\SpellBannerCircle.cs", "C#", 0, 23, 0, 0, 0, 0, 0, 6, 29
"e:\Unity\Project\Renewed-Ideology-Unity6\Assets\__Scripts\SpellCardEffect\SpellBannerCtrl.cs", "C#", 0, 36, 0, 0, 0, 0, 0, 9, 45
"e:\Unity\Project\Renewed-Ideology-Unity6\Assets\__Scripts\SpellCardEffect\SpellCircle.cs", "C#", 0, 257, 0, 0, 0, 0, 17, 50, 324
"e:\Unity\Project\Renewed-Ideology-Unity6\Assets\__Scripts\SpellPractice\SCPMenuManager.cs", "C#", 0, 176, 0, 0, 0, 0, 31, 34, 241
"e:\Unity\Project\Renewed-Ideology-Unity6\Assets\__Scripts\SpellPractice\SpellPracticeManager.cs", "C#", 0, 235, 0, 0, 0, 0, 56, 56, 347
"e:\Unity\Project\Renewed-Ideology-Unity6\Assets\__Scripts\SpellPractice\TriangleBgCtrl.cs", "C#", 0, 66, 0, 0, 0, 0, 5, 21, 92
"e:\Unity\Project\Renewed-Ideology-Unity6\Assets\__Scripts\SpellPractice\TriangleBgManager.cs", "C#", 0, 59, 0, 0, 0, 0, 0, 15, 74
"e:\Unity\Project\Renewed-Ideology-Unity6\Assets\__Scripts\TimeLine.cs", "C#", 0, 83, 0, 0, 0, 0, 2, 18, 103
"e:\Unity\Project\Renewed-Ideology-Unity6\Assets\__Scripts\Transition\TriangleTransitionCtrl.cs", "C#", 0, 48, 0, 0, 0, 0, 1, 19, 68
"e:\Unity\Project\Renewed-Ideology-Unity6\Assets\__Scripts\Transition\TriangleTransitionManager.cs", "C#", 0, 127, 0, 0, 0, 0, 42, 28, 197
"e:\Unity\Project\Renewed-Ideology-Unity6\Assets\__Scripts\UI\BonusBannerCtrl.cs", "C#", 0, 67, 0, 0, 0, 0, 1, 12, 80
"e:\Unity\Project\Renewed-Ideology-Unity6\Assets\__Scripts\UI\EnemyArrowCtrl.cs", "C#", 0, 33, 0, 0, 0, 0, 1, 7, 41
"e:\Unity\Project\Renewed-Ideology-Unity6\Assets\__Scripts\UI\SCTimeInfoCtrl.cs", "C#", 0, 38, 0, 0, 0, 0, 0, 10, 48
"e:\Unity\Project\Renewed-Ideology-Unity6\Assets\__Scripts\UI\StageTitleCtrl.cs", "C#", 0, 54, 0, 0, 0, 0, 0, 11, 65
"e:\Unity\Project\Renewed-Ideology-Unity6\Assets\__Scripts\UI\StageTitleCtrl2.cs", "C#", 0, 68, 0, 0, 0, 0, 0, 13, 81
"e:\Unity\Project\Renewed-Ideology-Unity6\Assets\__Scripts\UI\UIManager.cs", "C#", 0, 76, 0, 0, 0, 0, 0, 15, 91
"e:\Unity\Project\Renewed-Ideology-Unity6\Assets\__Scripts\_Tools\Appearer.cs", "C#", 0, 32, 0, 0, 0, 0, 0, 11, 43
"e:\Unity\Project\Renewed-Ideology-Unity6\Assets\__Scripts\_Tools\Approacher\ImageColorApproacher.cs", "C#", 0, 34, 0, 0, 0, 0, 3, 8, 45
"e:\Unity\Project\Renewed-Ideology-Unity6\Assets\__Scripts\_Tools\Approacher\SpriteColorApproacher.cs", "C#", 0, 33, 0, 0, 0, 0, 3, 8, 44
"e:\Unity\Project\Renewed-Ideology-Unity6\Assets\__Scripts\_Tools\Approacher\TransformApproacher.cs", "C#", 0, 30, 0, 0, 0, 0, 0, 9, 39
"e:\Unity\Project\Renewed-Ideology-Unity6\Assets\__Scripts\_Tools\Calc.cs", "C#", 0, 260, 0, 0, 0, 0, 27, 50, 337
"e:\Unity\Project\Renewed-Ideology-Unity6\Assets\__Scripts\_Tools\ColorSetter.cs", "C#", 0, 23, 0, 0, 0, 0, 0, 5, 28
"e:\Unity\Project\Renewed-Ideology-Unity6\Assets\__Scripts\_Tools\Fader.cs", "C#", 0, 22, 0, 0, 0, 0, 0, 8, 30
"e:\Unity\Project\Renewed-Ideology-Unity6\Assets\__Scripts\_Tools\MethodExt.cs", "C#", 0, 27, 0, 0, 0, 0, 0, 3, 30
"e:\Unity\Project\Renewed-Ideology-Unity6\Assets\__Scripts\_Tools\ObjectSpawner.cs", "C#", 0, 15, 0, 0, 0, 0, 0, 4, 19
"e:\Unity\Project\Renewed-Ideology-Unity6\Assets\__Scripts\_Tools\PointToPointMover.cs", "C#", 0, 20, 0, 0, 0, 0, 0, 5, 25
"e:\Unity\Project\Renewed-Ideology-Unity6\Assets\__Scripts\_Tools\Rotator.cs", "C#", 0, 33, 0, 0, 0, 0, 0, 6, 39
"e:\Unity\Project\Renewed-Ideology-Unity6\Assets\__Scripts\_Tools\ShowFPS.cs", "C#", 0, 62, 0, 0, 0, 0, 2, 9, 73
"e:\Unity\Project\Renewed-Ideology-Unity6\Assets\__Scripts\_Tools\UIFader.cs", "C#", 0, 24, 0, 0, 0, 0, 2, 6, 32
"e:\Unity\Project\Renewed-Ideology-Unity6\Packages\manifest.json", "JSON", 0, 0, 48, 0, 0, 0, 0, 1, 49
"e:\Unity\Project\Renewed-Ideology-Unity6\Packages\packages-lock.json", "JSON", 0, 0, 583, 0, 0, 0, 0, 1, 584
"e:\Unity\Project\Renewed-Ideology-Unity6\ProjectSettings\BurstAotSettings_StandaloneWindows.json", "JSON", 0, 0, 18, 0, 0, 0, 0, 1, 19
"e:\Unity\Project\Renewed-Ideology-Unity6\ProjectSettings\CommonBurstAotSettings.json", "JSON", 0, 0, 6, 0, 0, 0, 0, 1, 7
"e:\Unity\Project\Renewed-Ideology-Unity6\ProjectSettings\SceneTemplateSettings.json", "JSON", 0, 0, 126, 0, 0, 0, 0, 0, 126
"e:\Unity\Project\Renewed-Ideology-Unity6\README.md", "Markdown", 0, 0, 0, 20, 0, 0, 0, 28, 48
"e:\Unity\Project\Renewed-Ideology-Unity6\_Scripts\PlayerConfig.cs", "C#", 0, 21, 0, 0, 0, 0, 0, 6, 27
"e:\Unity\Project\Renewed-Ideology-Unity6\note.md", "Markdown", 0, 0, 0, 2, 0, 0, 0, 1, 3
"Total", "-", 56551, 27304, 936, 598, 4094, 459, 3501, 7851, 101294